Sr. No.,LINK,BIO,LOCATION,FOLLOWING,FOLLOWERS,WEBSITE
1,https://twitter.com/GTNUK1,"Providing Entertainment & Travel to Commercial Radio. Reaching 28.9M weekly listeners. Winners of The Arqiva National Sales Team of the Year 2010, 2011 & 2016","London, England",463,126,gtn.uk.com/index.php
2,https://twitter.com/whatsapp,"Happy #PrideMonth \n#CrossingCultures Ep 2, out now ",California,2,4.8M,bit.ly/3IRGfXH
3,https://twitter.com/aacb_CBPTrade,Customs Broker,"Florida, USA",125,31,
4,https://twitter.com/aacbdotcom,A & A Freight | Warehousing | Customs Brokerage | Helping people ship across borders.,Worldwide,"4,078",665,aacb.com
5,https://twitter.com/@AAWindowPRODUCT,A commercial glass and glazing company serving the window industry in New England since 1954. #SafetyQualityService,"Malden, MA",90,76,aawindowproducts.com
6,https://www.twitter.com/aandb_kia,"A&B Kia is a Kia dealer in Benwood, WV. Stay connected to exceed expectations. Build strong relationships. Drive the best with us.","Benwood, West Virginia ",345,296,aandbautosales.com
7,https://twitter.com/ABHomeInc,"Industry leader in wholesale home decor, furniture, and garden, since 1993.","Rancho Cucamonga, CA",184,360,abhomeinc.com
8,https://twitter.com/Abrepro,"From large format black & white prints to the most sophisticated of digital color printing jobs, A & B can get the job done right.","Bentonville, AR",125,137,abrepro.com
9,http://www.twitter.com,,,,,
10,https://twitter.com/ACChristofiLtd,"A & C CHRISTOFI LTD is a fast growing professional services company based in Limassol, Cyprus. Our main Concern is your Business.",Cyprus,282,88,acccyp.com
11,https://twitter.com/aeclothing1,Used Clothing Distributor,Carteret,0,15,aeclothing.net
12,http://www.twitter.com/,,,,,
13,https://twitter.com/AETechnologies1,"Boulder, CO USAae-technologies.comJoined February 2012",,,,1
14,http://www.twitter.com/wix,"Create, manage and grow your business online with Wix. It’s more than just a website builder, it’s how your vision comes to life. For support: \n@WixHelp\n.",We're everywhere!,"3,722",417.9K,wix.com
15,https://twitter.com/AGInsuranceLLC,"A & G Insurance prides itself on being your local, full service, Independent Insurance Agency.",Connecticut,260,40,aginsuranceinc.com
